,log,Fit Abstraction,Fit Perspective,Prec Abstraction,PRec Perspective
0,01_ocel_standard_p2p.json,0.9666666666666667,0.9847434119278778,0.7396230158730159,0.8154046257620904
